{
  "lookback": 96,
  "horizon": 2,
  "dynamic_features": 8,
  "calendar_features": 5,
  "hidden_size": 96,
  "num_layers": 2,
  "dropout": 0.2,
  "test_mape": 6.502823352813721,
  "per_step_mape": [
    5.884890556335449,
    7.12075662612915
  ],
  "rmse": 2.085906982421875,
  "mc_samples": 10,
  "ci_conformal_q": 2.066410432755635,
  "ci_coverage_test": 0.9574529947664276,
  "ci_avg_width_kwh": 8.8084827296658
}